{"loss":{"0":0.3455481231,"1":0.2901675403,"2":0.249770686,"3":0.2166626155,"4":0.1899294555,"5":0.1697625816},"accuracy":{"0":0.8483312726,"1":0.8763390779,"2":0.8964039087,"3":0.9118679762,"4":0.9239890575,"5":0.932598412},"val_loss":{"0":0.3237673938,"1":0.3325464725,"2":0.3567492068,"3":0.3889730573,"4":0.4223139584,"5":0.4669343233},"val_accuracy":{"0":0.8613437414,"1":0.8620749712,"2":0.8591750264,"3":0.8579437733,"4":0.855456233,"5":0.8505687714},"times":{"0":7729.5346231461,"1":7713.0806245804,"2":7665.6652963161,"3":7668.0613121986,"4":7684.0387380123,"5":7699.3670780659}}